[{"id":1,"producto":"Country Roll","precio":93.14},
{"id":2,"producto":"Pastry - Carrot Muffin - Mini","precio":98.49},
{"id":3,"producto":"Chips Potato Reg 43g","precio":55.36},
{"id":4,"producto":"Sugar - Sweet N Low, Individual","precio":88.31},
{"id":5,"producto":"Chips Potato All Dressed - 43g","precio":28.22},
{"id":6,"producto":"Tea - English Breakfast","precio":36.28},
{"id":7,"producto":"Tart - Raisin And Pecan","precio":57.14},
{"id":8,"producto":"Bread - Crusty Italian Poly","precio":42.39},
{"id":9,"producto":"Breadfruit","precio":60.42},
{"id":10,"producto":"Appetiser - Bought","precio":86.62},
{"id":11,"producto":"Cheese - Parmesan Cubes","precio":11.09},
{"id":12,"producto":"Hot Chocolate - Individual","precio":74.7},
{"id":13,"producto":"Duck - Breast","precio":61.83},
{"id":14,"producto":"Carrots - Jumbo","precio":46.4},
{"id":15,"producto":"Beer - Camerons Auburn","precio":80.51},
{"id":16,"producto":"Chicken - White Meat, No Tender","precio":98.22},
{"id":17,"producto":"Pineapple - Canned, Rings","precio":87.84},
{"id":18,"producto":"Drambuie","precio":42.15},
{"id":19,"producto":"Veal - Provimi Inside","precio":31.26},
{"id":20,"producto":"Mushroom - Enoki, Fresh","precio":55.04},
{"id":21,"producto":"Napkin - Dinner, White","precio":56.03},
{"id":22,"producto":"Island Oasis - Wildberry","precio":43.74},
{"id":23,"producto":"Lettuce - Curly Endive","precio":70.44},
{"id":24,"producto":"Bols Melon Liqueur","precio":29.36},
{"id":25,"producto":"Bread - French Baquette","precio":45.88},
{"id":26,"producto":"Cheese - Mozzarella, Shredded","precio":60.46},
{"id":27,"producto":"Oysters - Smoked","precio":91.63},
{"id":28,"producto":"Bread Crumbs - Japanese Style","precio":83.2},
{"id":29,"producto":"Wine - Chablis J Moreau Et Fils","precio":31.47},
{"id":30,"producto":"Pasta - Fett Alfredo, Single Serve","precio":97.93},
{"id":31,"producto":"Pork - Inside","precio":25.44},
{"id":32,"producto":"Lemonade - Black Cherry, 591 Ml","precio":58.45},
{"id":33,"producto":"Cake - Cake Sheet Macaroon","precio":52.93},
{"id":34,"producto":"Vinegar - Champagne","precio":74.15},
{"id":35,"producto":"Iced Tea - Lemon, 460 Ml","precio":73.13},
{"id":36,"producto":"Pepper - Red Chili","precio":57.44},
{"id":37,"producto":"Cheese - Brie,danish","precio":59.96},
{"id":38,"producto":"Oven Mitt - 13 Inch","precio":74.2},
{"id":39,"producto":"Table Cloth 54x72 Colour","precio":36.93},
{"id":40,"producto":"Tea - English Breakfast","precio":57.34},
{"id":41,"producto":"Vegetable - Base","precio":61.85},
{"id":42,"producto":"Wine - Cave Springs Dry Riesling","precio":15.98},
{"id":43,"producto":"Lettuce Romaine Chopped","precio":97.94},
{"id":44,"producto":"Vegetable - Base","precio":98.78},
{"id":45,"producto":"Tomatoes - Heirloom","precio":72.55},
{"id":46,"producto":"Aspic - Light","precio":72.39},
{"id":47,"producto":"Cherries - Fresh","precio":81.0},
{"id":48,"producto":"Fiddlehead - Frozen","precio":39.89},
{"id":49,"producto":"Wine - Conde De Valdemar","precio":14.17},
{"id":50,"producto":"Beef Tenderloin Aaa","precio":89.86},
{"id":51,"producto":"Pork - Sausage, Medium","precio":23.8},
{"id":52,"producto":"Island Oasis - Banana Daiquiri","precio":16.78},
{"id":53,"producto":"Bread Roll Foccacia","precio":26.73},
{"id":54,"producto":"Fruit Mix - Light","precio":78.44},
{"id":55,"producto":"Nestea - Ice Tea, Diet","precio":39.78},
{"id":56,"producto":"Calaloo","precio":45.62},
{"id":57,"producto":"Pails With Lids","precio":75.73},
{"id":58,"producto":"Edible Flower - Mixed","precio":53.78},
{"id":59,"producto":"Skewers - Bamboo","precio":86.23},
{"id":60,"producto":"Olive - Spread Tapenade","precio":47.82},
{"id":61,"producto":"Pur Source","precio":10.8},
{"id":62,"producto":"Bacardi Breezer - Tropical","precio":35.08},
{"id":63,"producto":"Beef - Tenderloin","precio":73.37},
{"id":64,"producto":"Nantucket - Carrot Orange","precio":10.49},
{"id":65,"producto":"Spice - Paprika","precio":36.3},
{"id":66,"producto":"Sugar - Icing","precio":35.17},
{"id":67,"producto":"Yoghurt Tubes","precio":33.51},
{"id":68,"producto":"Cake - Cheese Cake 9 Inch","precio":75.86},
{"id":69,"producto":"Pork - Backs - Boneless","precio":66.36},
{"id":70,"producto":"Nut - Almond, Blanched, Whole","precio":46.3},
{"id":71,"producto":"Glass - Wine, Plastic, Clear 5 Oz","precio":74.26},
{"id":72,"producto":"Sole - Fillet","precio":23.16},
{"id":73,"producto":"Cookie Dough - Double","precio":81.77},
{"id":74,"producto":"Food Colouring - Red","precio":19.94},
{"id":75,"producto":"Ham - Proscuitto","precio":46.82},
{"id":76,"producto":"Spring Roll Wrappers","precio":57.87},
{"id":77,"producto":"Hipnotiq Liquor","precio":75.47},
{"id":78,"producto":"Sage Ground Wiberg","precio":79.86},
{"id":79,"producto":"Pork - Bacon,back Peameal","precio":31.6},
{"id":80,"producto":"Wine - Cave Springs Dry Riesling","precio":86.44},
{"id":81,"producto":"Pasta - Fettuccine, Egg, Fresh","precio":61.93},
{"id":82,"producto":"Arrowroot","precio":24.4},
{"id":83,"producto":"Scallops - 20/30","precio":98.08},
{"id":84,"producto":"Veal - Osso Bucco","precio":21.59},
{"id":85,"producto":"Squid Ink","precio":93.26},
{"id":86,"producto":"Lettuce - Lolla Rosa","precio":12.44},
{"id":87,"producto":"Ham - Cooked","precio":40.29},
{"id":88,"producto":"Pie Shells 10","precio":36.81},
{"id":89,"producto":"Icecream - Dstk Super Cone","precio":49.37},
{"id":90,"producto":"Jerusalem Artichoke","precio":18.4},
{"id":91,"producto":"Mushroom - Chantrelle, Fresh","precio":71.83},
{"id":92,"producto":"Ecolab - Hobart Upr Prewash Arm","precio":71.29},
{"id":93,"producto":"Milk - 1%","precio":90.79},
{"id":94,"producto":"Rice - Wild","precio":43.33},
{"id":95,"producto":"Mushroom - Enoki, Fresh","precio":34.68},
{"id":96,"producto":"Cheese - Feta","precio":40.89},
{"id":97,"producto":"Beef - Short Loin","precio":58.55},
{"id":98,"producto":"Longos - Greek Salad","precio":42.49},
{"id":99,"producto":"Pepper - Red, Finger Hot","precio":32.4},
{"id":100,"producto":"Wine - White, Cooking","precio":62.8}]